,student_independence,student_independence,student_independence,tutor_encourage,tutor_encourage,tutor_encourage,misunderstanding_identification,misunderstanding_identification,misunderstanding_identification,tutor_hints,tutor_hints,tutor_hints,student_progress,student_progress,student_progress,total_score,total_score,total_score,average_score,average_score,average_score,exam_score,exam_score,exam_score
,mean,std,count,mean,std,count,mean,std,count,mean,std,count,mean,std,count,mean,std,count,mean,std,count,mean,std,count
treatment,,,,,,,,,,,,,,,,,,,,,,,,
aug,3.4416058394160585,1.9570158315525867,274,6.1678832116788325,1.664405835379498,274,5.306569343065694,1.9141349820757578,274,4.7773722627737225,1.8371618779178696,274,4.408759124087592,2.179003181466972,274,24.1021897810219,7.2418044333598734,274,4.82043795620438,1.448360886671975,274,0.31826410612906963,0.38949626821680045,274
vanilla,1.2212389380530972,0.5288900456925285,226,1.2168141592920354,0.5512656395148662,226,2.6150442477876106,1.267559070826063,226,1.1858407079646018,0.5085696293002636,226,2.309734513274336,1.0714861622392549,226,8.548672566371682,2.793615420736609,226,1.7097345132743362,0.5587230841473219,226,0.29706595027391486,0.36747038885117383,226
